item_no,condition,advTYPE,context_sentence,region1_text,region2_text,region3_text,region4_text,full_sentence,critical_token,source
33,EN_Word_order,frequency,My neighbor has a specific routine for his mornings.,My neighbor,usually drinks,black coffee,before going to work.,My neighbor usually drinks black coffee before going to work.,usually,generated
33,FR_Word_order,frequency,My neighbor has a specific routine for his mornings.,My neighbor,drinks usually,black coffee,before going to work.,My neighbor drinks usually black coffee before going to work.,usually,generated
34,EN_Word_order,frequency,The local library has many old books.,Sarah,sometimes borrows,a mystery novel,from the top shelf.,Sarah sometimes borrows a mystery novel from the top shelf.,sometimes,generated
34,FR_Word_order,frequency,The local library has many old books.,Sarah,borrows sometimes,a mystery novel,from the top shelf.,Sarah borrows sometimes a mystery novel from the top shelf.,sometimes,generated
35,EN_Word_order,frequency,Her brother is very particular about his diet.,Her brother,rarely eats,fast food,during the week.,Her brother rarely eats fast food during the week.,rarely,generated
35,FR_Word_order,frequency,Her brother is very particular about his diet.,Her brother,eats rarely,fast food,during the week.,Her brother eats rarely fast food during the week.,rarely,generated
36,EN_Word_order,frequency,The company has clients all over the world.,The manager,frequently contacts,the overseas team,via video call.,The manager frequently contacts the overseas team via video call.,frequently,generated
36,FR_Word_order,frequency,The company has clients all over the world.,The manager,contacts frequently,the overseas team,via video call.,The manager contacts frequently the overseas team via video call.,frequently,generated
37,EN_Word_order,frequency,David is committed to staying in shape.,David,regularly visits,the local gym,after his classes.,David regularly visits the local gym after his classes.,regularly,generated
37,FR_Word_order,frequency,David is committed to staying in shape.,David,visits regularly,the local gym,after his classes.,David visits regularly the local gym after his classes.,regularly,generated
38,EN_Word_order,frequency,Emily enjoys trying new types of cuisine.,Emily,occasionally orders,sushi for dinner,on the weekend.,Emily occasionally orders sushi for dinner on the weekend.,occasionally,generated
38,FR_Word_order,frequency,Emily enjoys trying new types of cuisine.,Emily,orders occasionally,sushi for dinner,on the weekend.,Emily orders occasionally sushi for dinner on the weekend.,occasionally,generated
39,EN_Word_order,frequency,The little girl is very curious about the world.,The little girl,constantly asks,her parents questions,about the animals.,The little girl constantly asks her parents questions about the animals.,constantly,generated
39,FR_Word_order,frequency,The little girl is very curious about the world.,The little girl,asks constantly,her parents questions,about the animals.,The little girl asks constantly her parents questions about the animals.,constantly,generated
40,EN_Word_order,frequency,The professor has strong opinions on modern literature.,The professor,generally prefers,classic novels,over contemporary books.,The professor generally prefers classic novels over contemporary books.,generally,generated
40,FR_Word_order,frequency,The professor has strong opinions on modern literature.,The professor,prefers generally,classic novels,over contemporary books.,The professor prefers generally classic novels over contemporary books.,generally,generated
41,EN_Word_order,frequency,Jessica has a favorite pen for taking notes.,Jessica,always uses,a blue pen,for her journal.,Jessica always uses a blue pen for her journal.,always,generated
41,FR_Word_order,frequency,Jessica has a favorite pen for taking notes.,Jessica,uses always,a blue pen,for her journal.,Jessica uses always a blue pen for her journal.,always,generated
42,EN_Word_order,frequency,Michael loves spending time with his family.,Michael,often tells,funny stories,at the dinner table.,Michael often tells funny stories at the dinner table.,often,generated
42,FR_Word_order,frequency,Michael loves spending time with his family.,Michael,tells often,funny stories,at the dinner table.,Michael tells often funny stories at the dinner table.,often,generated
43,EN_Word_order,manner,The baby was finally asleep in the next room.,Robert,quietly closed,the bedroom door,behind him.,Robert quietly closed the bedroom door behind him.,quietly,generated
43,FR_Word_order,manner,The baby was finally asleep in the next room.,Robert,closed quietly,the bedroom door,behind him.,Robert closed quietly the bedroom door behind him.,quietly,generated
44,EN_Word_order,manner,The movie was reaching its most suspenseful part.,A security guard,suddenly opened,the main entrance,without a sound.,A security guard suddenly opened the main entrance without a sound.,suddenly,generated
44,FR_Word_order,manner,The movie was reaching its most suspenseful part.,A security guard,opened suddenly,the main entrance,without a sound.,A security guard opened suddenly the main entrance without a sound.,suddenly,generated
45,EN_Word_order,manner,The priceless vase was on the high shelf.,Laura,gently placed,the fragile artifact,back in the box.,Laura gently placed the fragile artifact back in the box.,gently,generated
45,FR_Word_order,manner,The priceless vase was on the high shelf.,Laura,placed gently,the fragile artifact,back in the box.,Laura placed gently the fragile artifact back in the box.,gently,generated
46,EN_Word_order,manner,The lecture was about to end.,Chris,briefly reviewed,his notes,before the exam.,Chris briefly reviewed his notes before the exam.,briefly,generated
46,FR_Word_order,manner,The lecture was about to end.,Chris,reviewed briefly,his notes,before the exam.,Chris reviewed briefly his notes before the exam.,briefly,generated
47,EN_Word_order,manner,The package had finally arrived.,The young artist,eagerly unwrapped,the new paint set,on the kitchen table.,The young artist eagerly unwrapped the new paint set on the kitchen table.,eagerly,generated
47,FR_Word_order,manner,The package had finally arrived.,The young artist,unwrapped eagerly,the new paint set,on the kitchen table.,The young artist unwrapped eagerly the new paint set on the kitchen table.,eagerly,generated
48,EN_Word_order,manner,There was a disagreement during the debate.,Daniel,firmly stated,his position,to the audience.,Daniel firmly stated his position to the audience.,firmly,generated
48,FR_Word_order,manner,There was a disagreement during the debate.,Daniel,stated firmly,his position,to the audience.,Daniel stated firmly his position to the audience.,firmly,generated
49,EN_Word_order,manner,The situation was getting very tense.,The old man,calmly explained,the entire procedure,to the worried crowd.,The old man calmly explained the entire procedure to the worried crowd.,calmly,generated
49,FR_Word_order,manner,The situation was getting very tense.,The old man,explained calmly,the entire procedure,to the worried crowd.,The old man explained calmly the entire procedure to the worried crowd.,calmly,generated
50,EN_Word_order,manner,The competition results were announced.,His best friend,proudly displayed,the first-place trophy,on the mantelpiece.,His best friend proudly displayed the first-place trophy on the mantelpiece.,proudly,generated
50,FR_Word_order,manner,The competition results were announced.,His best friend,displayed proudly,the first-place trophy,on the mantelpiece.,His best friend displayed proudly the first-place trophy on the mantelpiece.,proudly,generated
51,EN_Word_order,manner,It was her turn to give the presentation.,Amanda,nervously checked,her microphone,for the third time.,Amanda nervously checked her microphone for the third time.,nervously,generated
51,FR_Word_order,manner,It was her turn to give the presentation.,Amanda,checked nervously,her microphone,for the third time.,Amanda checked nervously her microphone for the third time.,nervously,generated
52,EN_Word_order,manner,The kitchen was a complete mess after the party.,That chef,neatly arranged,the clean dishes,in the cupboard.,That chef neatly arranged the clean dishes in the cupboard.,neatly,generated
52,FR_Word_order,manner,The kitchen was a complete mess after the party.,That chef,arranged neatly,the clean dishes,in the cupboard.,That chef arranged neatly the clean dishes in the cupboard.,neatly,generated
53,EN_Word_order,manner,The old timepiece was a family heirloom.,Arthur,carefully examined,the antique watch,under the bright lamp.,Arthur carefully examined the antique watch under the bright lamp.,carefully,generated
53,FR_Word_order,manner,The old timepiece was a family heirloom.,Arthur,examined carefully,the antique watch,under the bright lamp.,Arthur examined carefully the antique watch under the bright lamp.,carefully,generated
54,EN_Word_order,manner,There was a long line of people in the waiting room.,The doctor,quickly reviewed,the patient's chart,before the appointment.,The doctor quickly reviewed the patient's chart before the appointment.,quickly,generated
54,FR_Word_order,manner,There was a long line of people in the waiting room.,The doctor,reviewed quickly,the patient's chart,before the appointment.,The doctor reviewed quickly the patient's chart before the appointment.,quickly,generated
55,EN_Word_order,manner,The recipe required constant attention.,Beatrice,slowly stirred,the simmering sauce,with a wooden spoon.,Beatrice slowly stirred the simmering sauce with a wooden spoon.,slowly,generated
55,FR_Word_order,manner,The recipe required constant attention.,Beatrice,stirred slowly,the simmering sauce,with a wooden spoon.,Beatrice stirred slowly the simmering sauce with a wooden spoon.,slowly,generated
56,EN_Word_order,manner,The dessert was the final course of the meal.,The chef,softly placed,the delicate pastry,onto the serving plate.,The chef softly placed the delicate pastry onto the serving plate.,softly,generated
56,FR_Word_order,manner,The dessert was the final course of the meal.,The chef,placed softly,the delicate pastry,onto the serving plate.,The chef placed softly the delicate pastry onto the serving plate.,softly,generated
57,EN_Word_order,manner,Many employees were unhappy with the changes.,Clara,sharply criticized,the new policy,during the team meeting.,Clara sharply criticized the new policy during the team meeting.,sharply,generated
57,FR_Word_order,manner,Many employees were unhappy with the changes.,Clara,criticized sharply,the new policy,during the team meeting.,Clara criticized sharply the new policy during the team meeting.,sharply,generated
58,EN_Word_order,manner,The entire house could feel the vibrations.,That student,loudly played,his electric guitar,in the basement.,That student loudly played his electric guitar in the basement.,loudly,generated
58,FR_Word_order,manner,The entire house could feel the vibrations.,That student,played loudly,his electric guitar,in the basement.,That student played loudly his electric guitar in the basement.,loudly,generated
59,EN_Word_order,manner,He was distracted by a phone call.,David,badly burned,the toast,this morning.,David badly burned the toast this morning.,badly,generated
59,FR_Word_order,manner,He was distracted by a phone call.,David,burned badly,the toast,this morning.,David burned badly the toast this morning.,badly,generated
60,EN_Word_order,manner,He sat on the porch swing with a smile.,The old man,patiently awaited,the arrival,of his grandchildren.,The old man patiently awaited the arrival of his grandchildren.,patiently,generated
60,FR_Word_order,manner,He sat on the porch swing with a smile.,The old man,awaited patiently,the arrival,of his grandchildren.,The old man awaited patiently the arrival of his grandchildren.,patiently,generated
61,EN_Word_order,manner,The audience was completely mesmerized.,Eleanor,perfectly executed,the complex dance move,on the stage.,Eleanor perfectly executed the complex dance move on the stage.,perfectly,generated
61,FR_Word_order,manner,The audience was completely mesmerized.,Eleanor,executed perfectly,the complex dance move,on the stage.,Eleanor executed perfectly the complex dance move on the stage.,perfectly,generated
62,EN_Word_order,manner,She grew up in a multicultural household.,The young woman,fluently speaks,three languages,with her international clients.,The young woman fluently speaks three languages with her international clients.,fluently,generated
62,FR_Word_order,manner,She grew up in a multicultural household.,The young woman,speaks fluently,three languages,with her international clients.,The young woman speaks fluently three languages with her international clients.,fluently,generated
63,EN_Word_order,frequency,He gets all his information from the internet.,Felix,seldom reads,the newspaper,in the morning.,Felix seldom reads the newspaper in the morning.,seldom,generated
63,FR_Word_order,frequency,He gets all his information from the internet.,Felix,reads seldom,the newspaper,in the morning.,Felix reads seldom the newspaper in the morning.,seldom,generated
64,EN_Word_order,frequency,He follows a very strict diet.,My neighbor,never eats,red meat,for health reasons.,My neighbor never eats red meat for health reasons.,never,generated
64,FR_Word_order,frequency,He follows a very strict diet.,My neighbor,eats never,red meat,for health reasons.,My neighbor eats never red meat for health reasons.,never,generated
65,EN_Word_order,frequency,She likes to stay on top of her correspondence.,Gloria,daily checks,her email,on her phone.,Gloria daily checks her email on her phone.,daily,generated
65,FR_Word_order,frequency,She likes to stay on top of her correspondence.,Gloria,checks daily,her email,on her phone.,Gloria checks daily her email on her phone.,daily,generated
66,EN_Word_order,frequency,The family makes sure someone is always there.,His cousin,weekly visits,their grandmother,at the nursing home.,His cousin weekly visits their grandmother at the nursing home.,weekly,generated
66,FR_Word_order,frequency,The family makes sure someone is always there.,His cousin,visits weekly,their grandmother,at the nursing home.,His cousin visits weekly their grandmother at the nursing home.,weekly,generated
67,EN_Word_order,frequency,He is a very responsible tenant.,Henry,monthly pays,his rent,without any delay.,Henry monthly pays his rent without any delay.,monthly,generated
67,FR_Word_order,frequency,He is a very responsible tenant.,Henry,pays monthly,his rent,without any delay.,Henry pays monthly his rent without any delay.,monthly,generated
68,EN_Word_order,frequency,The company's fiscal year ends in December.,Her boss,annually reviews,the budget,with the finance department.,Her boss annually reviews the budget with the finance department.,annually,generated
68,FR_Word_order,frequency,The company's fiscal year ends in December.,Her boss,reviews annually,the budget,with the finance department.,Her boss reviews annually the budget with the finance department.,annually,generated
69,EN_Word_order,frequency,She was sure her friend was home.,Iris,repeatedly pressed,the doorbell,but nobody answered.,Iris repeatedly pressed the doorbell but nobody answered.,repeatedly,generated
69,FR_Word_order,frequency,She was sure her friend was home.,Iris,pressed repeatedly,the doorbell,but nobody answered.,Iris pressed repeatedly the doorbell but nobody answered.,repeatedly,generated
70,EN_Word_order,frequency,He wants to attract new clients.,The artist,periodically updates,his online portfolio,with new work.,The artist periodically updates his online portfolio with new work.,periodically,generated
70,FR_Word_order,frequency,He wants to attract new clients.,The artist,updates periodically,his online portfolio,with new work.,The artist updates periodically his online portfolio with new work.,periodically,generated
71,EN_Word_order,frequency,The chemical reaction was very sensitive.,Jasper,hourly monitored,the experiment,for any changes.,Jasper hourly monitored the experiment for any changes.,hourly,generated
71,FR_Word_order,frequency,The chemical reaction was very sensitive.,Jasper,monitored hourly,the experiment,for any changes.,Jasper monitored hourly the experiment for any changes.,hourly,generated
72,EN_Word_order,frequency,Public transportation requires rigorous maintenance.,The mechanic,quarterly inspects,the city buses,for safety violations.,The mechanic quarterly inspects the city buses for safety violations.,quarterly,generated
72,FR_Word_order,frequency,Public transportation requires rigorous maintenance.,The mechanic,inspects quarterly,the city buses,for safety violations.,The mechanic inspects quarterly the city buses for safety violations.,quarterly,generated
73,EN_Word_order,frequency,The students were discussing their weekly schedule.,The professor,typically assigns,the homework,on Fridays.,The professor typically assigns the homework on Fridays.,typically,generated
73,FR_Word_order,frequency,The students were discussing their weekly schedule.,The professor,assigns typically,the homework,on Fridays.,The professor assigns typically the homework on Fridays.,typically,generated
74,EN_Word_order,frequency,It was hard to get a good night's sleep.,My neighbor,intermittently plays,loud music,throughout the night.,My neighbor intermittently plays loud music throughout the night.,intermittently,generated
74,FR_Word_order,frequency,It was hard to get a good night's sleep.,My neighbor,plays intermittently,loud music,throughout the night.,My neighbor plays intermittently loud music throughout the night.,intermittently,generated
75,EN_Word_order,frequency,The whole street smelled wonderful in the morning.,The old baker,habitually bakes,fresh bread,before sunrise.,The old baker habitually bakes fresh bread before sunrise.,habitually,generated
75,FR_Word_order,frequency,The whole street smelled wonderful in the morning.,The old baker,bakes habitually,fresh bread,before sunrise.,The old baker bakes habitually fresh bread before sunrise.,habitually,generated
76,EN_Word_order,frequency,Most people did not even know she needed them.,Sarah,infrequently wears,her glasses,in public.,Sarah infrequently wears her glasses in public.,infrequently,generated
76,FR_Word_order,frequency,Most people did not even know she needed them.,Sarah,wears infrequently,her glasses,in public.,Sarah wears infrequently her glasses in public.,infrequently,generated
77,EN_Word_order,frequency,The business has a great reputation.,That company,consistently delivers,quality products,to its customers.,That company consistently delivers quality products to its customers.,consistently,generated
77,FR_Word_order,frequency,The business has a great reputation.,That company,delivers consistently,quality products,to its customers.,That company delivers consistently quality products to its customers.,consistently,generated
78,EN_Word_order,frequency,He needs caffeine to start his day.,David,normally drinks,black coffee,in the morning.,David normally drinks black coffee in the morning.,normally,generated
78,FR_Word_order,frequency,He needs caffeine to start his day.,David,drinks normally,black coffee,in the morning.,David drinks normally black coffee in the morning.,normally,generated
79,EN_Word_order,frequency,His parents were running out of answers.,The toddler,perpetually asks,difficult questions,during car rides.,The toddler perpetually asks difficult questions during car rides.,perpetually,generated
79,FR_Word_order,frequency,His parents were running out of answers.,The toddler,asks perpetually,difficult questions,during car rides.,The toddler asks perpetually difficult questions during car rides.,perpetually,generated
80,EN_Word_order,frequency,We never know when we will find a surprise.,Our cat,sporadically catches,a mouse,in the garden.,Our cat sporadically catches a mouse in the garden.,sporadically,generated
80,FR_Word_order,frequency,We never know when we will find a surprise.,Our cat,catches sporadically,a mouse,in the garden.,Our cat catches sporadically a mouse in the garden.,sporadically,generated
81,EN_Word_order,frequency,The experiment required around-the-clock monitoring.,The machine,continuously processes,the data,without any breaks.,The machine continuously processes the data without any breaks.,continuously,generated
81,FR_Word_order,frequency,The experiment required around-the-clock monitoring.,The machine,processes continuously,the data,without any breaks.,The machine processes continuously the data without any breaks.,continuously,generated
82,EN_Word_order,frequency,Everyone knew the punchline by heart.,Mr. Harris,recurrently tells,the same story,at family gatherings.,Mr. Harris recurrently tells the same story at family gatherings.,recurrently,generated
82,FR_Word_order,frequency,Everyone knew the punchline by heart.,Mr. Harris,tells recurrently,the same story,at family gatherings.,Mr. Harris tells recurrently the same story at family gatherings.,recurrently,generated
83,EN_Word_order,manner,It was a special treat for them.,The children,happily ate,the ice cream,on the sunny afternoon.,The children happily ate the ice cream on the sunny afternoon.,happily,generated
83,FR_Word_order,manner,It was a special treat for them.,The children,ate happily,the ice cream,on the sunny afternoon.,The children ate happily the ice cream on the sunny afternoon.,happily,generated
84,EN_Word_order,manner,He had to leave his home of fifty years.,The old man,sadly packed,his belongings,into a small suitcase.,The old man sadly packed his belongings into a small suitcase.,sadly,generated
84,FR_Word_order,manner,He had to leave his home of fifty years.,The old man,packed sadly,his belongings,into a small suitcase.,The old man packed sadly his belongings into a small suitcase.,sadly,generated
85,EN_Word_order,manner,The quarterly report was not what he expected.,My boss,angrily slammed,the door,behind him.,My boss angrily slammed the door behind him.,angrily,generated
85,FR_Word_order,manner,The quarterly report was not what he expected.,My boss,slammed angrily,the door,behind him.,My boss slammed angrily the door behind him.,angrily,generated
86,EN_Word_order,manner,The smoke was getting thicker every second.,The firefighter,bravely entered,the burning building,to rescue the family.,The firefighter bravely entered the burning building to rescue the family.,bravely,generated
86,FR_Word_order,manner,The smoke was getting thicker every second.,The firefighter,entered bravely,the burning building,to rescue the family.,The firefighter entered bravely the burning building to rescue the family.,bravely,generated
87,EN_Word_order,manner,The information inside could change everything.,The spy,cautiously opened,the secret file,in the dead of night.,The spy cautiously opened the secret file in the dead of night.,cautiously,generated
87,FR_Word_order,manner,The information inside could change everything.,The spy,opened cautiously,the secret file,in the dead of night.,The spy opened cautiously the secret file in the dead of night.,cautiously,generated
88,EN_Word_order,manner,The final exam was just a week away.,The teacher,clearly explained,the difficult concept,to her students.,The teacher clearly explained the difficult concept to her students.,clearly,generated
88,FR_Word_order,manner,The final exam was just a week away.,The teacher,explained clearly,the difficult concept,to her students.,The teacher explained clearly the difficult concept to her students.,clearly,generated
89,EN_Word_order,manner,The topic was quite sensitive for the campaign.,The politician,deliberately ignored,the reporter's question,during the press conference.,The politician deliberately ignored the reporter's question during the press conference.,deliberately,generated
89,FR_Word_order,manner,The topic was quite sensitive for the campaign.,The politician,ignored deliberately,the reporter's question,during the press conference.,The politician ignored deliberately the reporter's question during the press conference.,deliberately,generated
90,EN_Word_order,manner,The man had been away on a long trip.,The dog,enthusiastically greeted,its owner,at the front door.,The dog enthusiastically greeted its owner at the front door.,enthusiastically,generated
90,FR_Word_order,manner,The man had been away on a long trip.,The dog,greeted enthusiastically,its owner,at the front door.,The dog greeted enthusiastically its owner at the front door.,enthusiastically,generated
91,EN_Word_order,manner,The audience watched in complete silence.,The ballerina,gracefully executed,a perfect pirouette,on the main stage.,The ballerina gracefully executed a perfect pirouette on the main stage.,gracefully,generated
91,FR_Word_order,manner,The audience watched in complete silence.,The ballerina,executed gracefully,a perfect pirouette,on the main stage.,The ballerina executed gracefully a perfect pirouette on the main stage.,gracefully,generated
92,EN_Word_order,manner,The exam was almost over.,A nervous student,hastily wrote,the final answer,before time ran out.,A nervous student hastily wrote the final answer before time ran out.,hastily,generated
92,FR_Word_order,manner,The exam was almost over.,A nervous student,wrote hastily,the final answer,before time ran out.,A nervous student wrote hastily the final answer before time ran out.,hastily,generated
93,EN_Word_order,frequency,The library has very strict rules.,The new student,scarcely questions,the librarian's authority,during study hours.,The new student scarcely questions the librarian's authority during study hours.,scarcely,generated
93,FR_Word_order,frequency,The library has very strict rules.,The new student,questions scarcely,the librarian's authority,during study hours.,The new student questions scarcely the librarian's authority during study hours.,scarcely,generated
94,EN_Word_order,frequency,The company has a new security protocol.,Alice,routinely checks,her work email,for any phishing attempts.,Alice routinely checks her work email for any phishing attempts.,routinely,generated
94,FR_Word_order,frequency,The company has a new security protocol.,Alice,checks routinely,her work email,for any phishing attempts.,Alice checks routinely her work email for any phishing attempts.,routinely,generated
95,EN_Word_order,frequency,It was a very traditional household.,The old man,customarily reads,the newspaper,before his breakfast.,The old man customarily reads the newspaper before his breakfast.,customarily,generated
95,FR_Word_order,frequency,It was a very traditional household.,The old man,reads customarily,the newspaper,before his breakfast.,The old man reads customarily the newspaper before his breakfast.,customarily,generated
96,EN_Word_order,frequency,The weekend weather was surprisingly sunny.,Ben,ordinarily wears,a heavy coat,in the wintertime.,Ben ordinarily wears a heavy coat in the wintertime.,ordinarily,generated
96,FR_Word_order,frequency,The weekend weather was surprisingly sunny.,Ben,wears ordinarily,a heavy coat,in the wintertime.,Ben wears ordinarily a heavy coat in the wintertime.,ordinarily,generated
97,EN_Word_order,frequency,That particular spice is quite expensive.,That chef,uncommonly uses,saffron,in his dessert recipes.,That chef uncommonly uses saffron in his dessert recipes.,uncommonly,generated
97,FR_Word_order,frequency,That particular spice is quite expensive.,That chef,uses uncommonly,saffron,in his dessert recipes.,That chef uses uncommonly saffron in his dessert recipes.,uncommonly,generated
98,EN_Word_order,frequency,She is a model student with perfect grades.,Clara,exceptionally misses,a homework assignment,throughout the school year.,Clara exceptionally misses a homework assignment throughout the school year.,exceptionally,generated
98,FR_Word_order,frequency,She is a model student with perfect grades.,Clara,misses exceptionally,a homework assignment,throughout the school year.,Clara misses exceptionally a homework assignment throughout the school year.,exceptionally,generated
99,EN_Word_order,frequency,The town square is a popular gathering place.,The local artist,perennially sells,his landscape paintings,at the weekend market.,The local artist perennially sells his landscape paintings at the weekend market.,perennially,generated
99,FR_Word_order,frequency,The town square is a popular gathering place.,The local artist,sells perennially,his landscape paintings,at the weekend market.,The local artist sells perennially his landscape paintings at the weekend market.,perennially,generated
100,EN_Word_order,frequency,He loves following a strict schedule.,David,invariably chooses,the chicken salad,for his lunch.,David invariably chooses the chicken salad for his lunch.,invariably,generated
100,FR_Word_order,frequency,He loves following a strict schedule.,David,chooses invariably,the chicken salad,for his lunch.,David chooses invariably the chicken salad for his lunch.,invariably,generated
101,EN_Word_order,frequency,The activist was very passionate about her cause.,Eleanor,ceaselessly promotes,her chosen charity,with great determination.,Eleanor ceaselessly promotes her chosen charity with great determination.,ceaselessly,generated
101,FR_Word_order,frequency,The activist was very passionate about her cause.,Eleanor,promotes ceaselessly,her chosen charity,with great determination.,Eleanor promotes ceaselessly her chosen charity with great determination.,ceaselessly,generated
102,EN_Word_order,frequency,The family enjoys traditional holiday meals.,My neighbor,conventionally serves,turkey,for Thanksgiving dinner.,My neighbor conventionally serves turkey for Thanksgiving dinner.,conventionally,generated
102,FR_Word_order,frequency,The family enjoys traditional holiday meals.,My neighbor,serves conventionally,turkey,for Thanksgiving dinner.,My neighbor serves conventionally turkey for Thanksgiving dinner.,conventionally,generated
103,EN_Word_order,manner,The boy was new to dancing.,Frank,awkwardly held,his partner's hand,during the waltz lesson.,Frank awkwardly held his partner's hand during the waltz lesson.,awkwardly,generated
103,FR_Word_order,manner,The boy was new to dancing.,Frank,held awkwardly,his partner's hand,during the waltz lesson.,Frank held awkwardly his partner's hand during the waltz lesson.,awkwardly,generated
104,EN_Word_order,manner,The negotiation was at a critical point.,The police officer,skillfully handled,the tense situation,with years of experience.,The police officer skillfully handled the tense situation with years of experience.,skillfully,generated
104,FR_Word_order,manner,The negotiation was at a critical point.,The police officer,handled skillfully,the tense situation,with years of experience.,The police officer handled skillfully the tense situation with years of experience.,skillfully,generated
105,EN_Word_order,manner,The cake was for a special birthday.,Georgia,artfully arranged,the fresh berries,on the dessert plate.,Georgia artfully arranged the fresh berries on the dessert plate.,artfully,generated
105,FR_Word_order,manner,The cake was for a special birthday.,Georgia,arranged artfully,the fresh berries,on the dessert plate.,Georgia arranged artfully the fresh berries on the dessert plate.,artfully,generated
106,EN_Word_order,manner,He was trying to fix the broken faucet.,Henry,clumsily dropped,the heavy wrench,on the tile floor.,Henry clumsily dropped the heavy wrench on the tile floor.,clumsily,generated
106,FR_Word_order,manner,He was trying to fix the broken faucet.,Henry,dropped clumsily,the heavy wrench,on the tile floor.,Henry dropped clumsily the heavy wrench on the tile floor.,clumsily,generated
107,EN_Word_order,manner,The orchestra was preparing for a big concert.,A young musician,faithfully followed,the conductor's instructions,during the long rehearsal.,A young musician faithfully followed the conductor's instructions during the long rehearsal.,faithfully,generated
107,FR_Word_order,manner,The orchestra was preparing for a big concert.,A young musician,followed faithfully,the conductor's instructions,during the long rehearsal.,A young musician followed faithfully the conductor's instructions during the long rehearsal.,faithfully,generated
108,EN_Word_order,manner,She wanted to choose the perfect gift.,Irene,thoughtfully selected,a classic novel,for her best friend.,Irene thoughtfully selected a classic novel for her best friend.,thoughtfully,generated
108,FR_Word_order,manner,She wanted to choose the perfect gift.,Irene,selected thoughtfully,a classic novel,for her best friend.,Irene selected thoughtfully a classic novel for her best friend.,thoughtfully,generated
109,EN_Word_order,manner,The child had injured his leg on the playground.,Her younger brother,painfully moved,his swollen ankle,inside his new shoe.,Her younger brother painfully moved his swollen ankle inside his new shoe.,painfully,generated
109,FR_Word_order,manner,The child had injured his leg on the playground.,Her younger brother,moved painfully,his swollen ankle,inside his new shoe.,Her younger brother moved painfully his swollen ankle inside his new shoe.,painfully,generated
110,EN_Word_order,manner,The garden design required great accuracy.,The tired gardener,precisely measured,the distance,between the two rose bushes.,The tired gardener precisely measured the distance between the two rose bushes.,precisely,generated
110,FR_Word_order,manner,The garden design required great accuracy.,The tired gardener,measured precisely,the distance,between the two rose bushes.,The tired gardener measured precisely the distance between the two rose bushes.,precisely,generated
111,EN_Word_order,manner,The magician was performing a card trick.,Jack,deftly shuffled,the deck of cards,for the audience.,Jack deftly shuffled the deck of cards for the audience.,deftly,generated
111,FR_Word_order,manner,The magician was performing a card trick.,Jack,shuffled deftly,the deck of cards,for the audience.,Jack shuffled deftly the deck of cards for the audience.,deftly,generated
112,EN_Word_order,manner,The interview was being broadcast live.,That famous author,intently watched,the news anchor,across the studio desk.,That famous author intently watched the news anchor across the studio desk.,intently,generated
112,FR_Word_order,manner,The interview was being broadcast live.,That famous author,watched intently,the news anchor,across the studio desk.,That famous author watched intently the news anchor across the studio desk.,intently,generated
113,EN_Word_order,frequency,David is a big fan of classical music.,David,oftentimes attends,the symphony,on weekends.,David oftentimes attends the symphony on weekends.,oftentimes,generated
113,FR_Word_order,frequency,David is a big fan of classical music.,David,attends oftentimes,the symphony,on weekends.,David attends oftentimes the symphony on weekends.,oftentimes,generated
114,EN_Word_order,frequency,The shop has a large collection of books.,The student,seasonally buys,new textbooks,for her classes.,The student seasonally buys new textbooks for her classes.,seasonally,generated
114,FR_Word_order,frequency,The shop has a large collection of books.,The student,buys seasonally,new textbooks,for her classes.,The student buys seasonally new textbooks for her classes.,seasonally,generated
115,EN_Word_order,frequency,The family has a cabin in the mountains.,Sarah,yearly visits,her grandparents,during the summer.,Sarah yearly visits her grandparents during the summer.,yearly,generated
115,FR_Word_order,frequency,The family has a cabin in the mountains.,Sarah,visits yearly,her grandparents,during the summer.,Sarah visits yearly her grandparents during the summer.,yearly,generated
116,EN_Word_order,frequency,The restaurant owner wants to keep the menu interesting.,The chef,fortnightly changes,the special menu,to attract customers.,The chef fortnightly changes the special menu to attract customers.,fortnightly,generated
116,FR_Word_order,frequency,The restaurant owner wants to keep the menu interesting.,The chef,changes fortnightly,the special menu,to attract customers.,The chef changes fortnightly the special menu to attract customers.,fortnightly,generated
117,EN_Word_order,frequency,Michael's car needs a lot of attention.,Michael,bimonthly checks,the oil level,in his old car.,Michael bimonthly checks the oil level in his old car.,bimonthly,generated
117,FR_Word_order,frequency,Michael's car needs a lot of attention.,Michael,checks bimonthly,the oil level,in his old car.,Michael checks bimonthly the oil level in his old car.,bimonthly,generated
118,EN_Word_order,frequency,The new clinic is extremely busy.,That doctor,hardly takes,a lunch break,before two o'clock.,That doctor hardly takes a lunch break before two o'clock.,hardly,generated
118,FR_Word_order,frequency,The new clinic is extremely busy.,That doctor,takes hardly,a lunch break,before two o'clock.,That doctor takes hardly a lunch break before two o'clock.,hardly,generated
119,EN_Word_order,frequency,The test was incredibly difficult for everyone.,Emily,barely finished,the last question,before the bell rang.,Emily barely finished the last question before the bell rang.,barely,generated
119,FR_Word_order,frequency,The test was incredibly difficult for everyone.,Emily,finished barely,the last question,before the bell rang.,Emily finished barely the last question before the bell rang.,barely,generated
120,EN_Word_order,frequency,His memory is not what it used to be.,The old man,chronically forgets,his house keys,on the kitchen table.,The old man chronically forgets his house keys on the kitchen table.,chronically,generated
120,FR_Word_order,frequency,His memory is not what it used to be.,The old man,forgets chronically,his house keys,on the kitchen table.,The old man forgets chronically his house keys on the kitchen table.,chronically,generated
121,EN_Word_order,frequency,Chris was playing a video game for hours.,Chris,successively defeated,three powerful bosses,in the final level.,Chris successively defeated three powerful bosses in the final level.,successively,generated
121,FR_Word_order,frequency,Chris was playing a video game for hours.,Chris,defeated successively,three powerful bosses,in the final level.,Chris defeated successively three powerful bosses in the final level.,successively,generated
122,EN_Word_order,frequency,His yard is full of ongoing projects.,My neighbor,serially starts,new garden projects,without finishing them.,My neighbor serially starts new garden projects without finishing them.,serially,generated
122,FR_Word_order,frequency,His yard is full of ongoing projects.,My neighbor,starts serially,new garden projects,without finishing them.,My neighbor starts serially new garden projects without finishing them.,serially,generated
123,EN_Word_order,manner,The guests arrived at the party.,Jessica,warmly greeted,each new guest,at the front door.,Jessica warmly greeted each new guest at the front door.,warmly,generated
123,FR_Word_order,manner,The guests arrived at the party.,Jessica,greeted warmly,each new guest,at the front door.,Jessica greeted warmly each new guest at the front door.,warmly,generated
124,EN_Word_order,manner,The wind was blowing very hard outside.,His cousin,tightly gripped,the steering wheel,during the storm.,His cousin tightly gripped the steering wheel during the storm.,tightly,generated
124,FR_Word_order,manner,The wind was blowing very hard outside.,His cousin,gripped tightly,the steering wheel,during the storm.,His cousin gripped tightly the steering wheel during the storm.,tightly,generated
125,EN_Word_order,manner,The knot was meant to be temporary.,Kevin,loosely tied,the boat's rope,to the wooden dock.,Kevin loosely tied the boat's rope to the wooden dock.,loosely,generated
125,FR_Word_order,manner,The knot was meant to be temporary.,Kevin,tied loosely,the boat's rope,to the wooden dock.,Kevin tied loosely the boat's rope to the wooden dock.,loosely,generated
126,EN_Word_order,manner,The facts in the report were very important.,The journalist,correctly reported,the official's statement,in the evening news.,The journalist correctly reported the official's statement in the evening news.,correctly,generated
126,FR_Word_order,manner,The facts in the report were very important.,The journalist,reported correctly,the official's statement,in the evening news.,The journalist reported correctly the official's statement in the evening news.,correctly,generated
127,EN_Word_order,manner,Laura was not paying attention in class.,Laura,wrongly answered,the teacher's question,about the homework.,Laura wrongly answered the teacher's question about the homework.,wrongly,generated
127,FR_Word_order,manner,Laura was not paying attention in class.,Laura,answered wrongly,the teacher's question,about the homework.,Laura answered wrongly the teacher's question about the homework.,wrongly,generated
128,EN_Word_order,manner,The car repair was going to be expensive.,The mechanic,honestly explained,the full cost,to the worried customer.,The mechanic honestly explained the full cost to the worried customer.,honestly,generated
128,FR_Word_order,manner,The car repair was going to be expensive.,The mechanic,explained honestly,the full cost,to the worried customer.,The mechanic explained honestly the full cost to the worried customer.,honestly,generated
129,EN_Word_order,manner,Nobody knew about his plans for the weekend.,Brian,secretly packed,a small suitcase,for his trip.,Brian secretly packed a small suitcase for his trip.,secretly,generated
129,FR_Word_order,manner,Nobody knew about his plans for the weekend.,Brian,packed secretly,a small suitcase,for his trip.,Brian packed secretly a small suitcase for his trip.,secretly,generated
130,EN_Word_order,manner,The company was having some financial trouble.,Her boss,openly discussed,the budget cuts,with the entire team.,Her boss openly discussed the budget cuts with the entire team.,openly,generated
130,FR_Word_order,manner,The company was having some financial trouble.,Her boss,discussed openly,the budget cuts,with the entire team.,Her boss discussed openly the budget cuts with the entire team.,openly,generated
131,EN_Word_order,manner,She did not want to give away too much information.,Rachel,vaguely described,the plot of the movie,to her friend.,Rachel vaguely described the plot of the movie to her friend.,vaguely,generated
131,FR_Word_order,manner,She did not want to give away too much information.,Rachel,described vaguely,the plot of the movie,to her friend.,Rachel described vaguely the plot of the movie to her friend.,vaguely,generated
132,EN_Word_order,manner,The lighting in the studio was not very good.,The artist,poorly painted,the woman's portrait,in the dim light.,The artist poorly painted the woman's portrait in the dim light.,poorly,generated
132,FR_Word_order,manner,The lighting in the studio was not very good.,The artist,painted poorly,the woman's portrait,in the dim light.,The artist painted poorly the woman's portrait in the dim light.,poorly,generated
133,EN_Word_order,frequency,The first loaf did not rise properly.,The baker,again kneaded,the dough,for a second time.,The baker again kneaded the dough for a second time.,again,generated
133,FR_Word_order,frequency,The first loaf did not rise properly.,The baker,kneaded again,the dough,for a second time.,The baker kneaded again the dough for a second time.,again,generated
134,EN_Word_order,manner,It was a very hot summer day.,Eleanor,kindly offered,some water,to the new mailman.,Eleanor kindly offered some water to the new mailman.,kindly,generated
134,FR_Word_order,manner,It was a very hot summer day.,Eleanor,offered kindly,some water,to the new mailman.,Eleanor offered kindly some water to the new mailman.,kindly,generated
135,EN_Word_order,frequency,We were shopping for a new car.,My cousin,formerly owned,this exact model,before the big accident.,My cousin formerly owned this exact model before the big accident.,formerly,generated
135,FR_Word_order,frequency,We were shopping for a new car.,My cousin,owned formerly,this exact model,before the big accident.,My cousin owned formerly this exact model before the big accident.,formerly,generated
136,EN_Word_order,manner,The department was having a large party.,Dr. Smith,politely declined,the invitation,due to a scheduling conflict.,Dr. Smith politely declined the invitation due to a scheduling conflict.,politely,generated
136,FR_Word_order,manner,The department was having a large party.,Dr. Smith,declined politely,the invitation,due to a scheduling conflict.,Dr. Smith declined politely the invitation due to a scheduling conflict.,politely,generated
137,EN_Word_order,frequency,There was no room for error on this project.,The architect,twice checked,the blueprints,before the final submission.,The architect twice checked the blueprints before the final submission.,twice,generated
137,FR_Word_order,frequency,There was no room for error on this project.,The architect,checked twice,the blueprints,before the final submission.,The architect checked twice the blueprints before the final submission.,twice,generated
138,EN_Word_order,manner,Everyone was listening to the important announcement.,Samuel,rudely interrupted,the speaker,during the presentation.,Samuel rudely interrupted the speaker during the presentation.,rudely,generated
138,FR_Word_order,manner,Everyone was listening to the important announcement.,Samuel,interrupted rudely,the speaker,during the presentation.,Samuel interrupted rudely the speaker during the presentation.,rudely,generated
139,EN_Word_order,frequency,The painter was searching for a specific color.,That artist,newly acquired,a rare pigment,for his new collection.,That artist newly acquired a rare pigment for his new collection.,newly,generated
139,FR_Word_order,frequency,The painter was searching for a specific color.,That artist,acquired newly,a rare pigment,for his new collection.,That artist acquired newly a rare pigment for his new collection.,newly,generated
140,EN_Word_order,manner,The lecture topic was very difficult.,The professor,beautifully explained,the complex theory,to all the students.,The professor beautifully explained the complex theory to all the students.,beautifully,generated
140,FR_Word_order,manner,The lecture topic was very difficult.,The professor,explained beautifully,the complex theory,to all the students.,The professor explained beautifully the complex theory to all the students.,beautifully,generated
141,EN_Word_order,frequency,She was looking at old photographs.,Clara,once visited,that museum,on a school trip.,Clara once visited that museum on a school trip.,once,generated
141,FR_Word_order,frequency,She was looking at old photographs.,Clara,visited once,that museum,on a school trip.,Clara visited once that museum on a school trip.,once,generated
142,EN_Word_order,manner,The audience watched in complete silence.,The ballerina,elegantly executed,the difficult move,for the grand finale.,The ballerina elegantly executed the difficult move for the grand finale.,elegantly,generated
142,FR_Word_order,manner,The audience watched in complete silence.,The ballerina,executed elegantly,the difficult move,for the grand finale.,The ballerina executed elegantly the difficult move for the grand finale.,elegantly,generated
143,EN_Word_order,frequency,The business had a very successful year.,Mr. Harrison,subsequently sold,his company shares,at a significant profit.,Mr. Harrison subsequently sold his company shares at a significant profit.,subsequently,generated
143,FR_Word_order,frequency,The business had a very successful year.,Mr. Harrison,sold subsequently,his company shares,at a significant profit.,Mr. Harrison sold subsequently his company shares at a significant profit.,subsequently,generated
144,EN_Word_order,manner,He was looking through an old photo album.,The detective,fondly remembered,his first case,after many long years.,The detective fondly remembered his first case after many long years.,fondly,generated
144,FR_Word_order,manner,He was looking through an old photo album.,The detective,remembered fondly,his first case,after many long years.,The detective remembered fondly his first case after many long years.,fondly,generated
145,EN_Word_order,frequency,She had a wonderful birthday party.,Amelia,afterward wrote,a thank-you note,for the lovely gift.,Amelia afterward wrote a thank-you note for the lovely gift.,afterward,generated
145,FR_Word_order,frequency,She had a wonderful birthday party.,Amelia,wrote afterward,a thank-you note,for the lovely gift.,Amelia wrote afterward a thank-you note for the lovely gift.,afterward,generated
146,EN_Word_order,manner,There had been some recent burglaries.,His neighbor,stupidly left,the front door,unlocked all night.,His neighbor stupidly left the front door unlocked all night.,stupidly,generated
146,FR_Word_order,manner,There had been some recent burglaries.,His neighbor,left stupidly,the front door,unlocked all night.,His neighbor left stupidly the front door unlocked all night.,stupidly,generated
147,EN_Word_order,frequency,He received a major promotion.,The pilot,thenceforth flew,only international routes,for the airline.,The pilot thenceforth flew only international routes for the airline.,thenceforth,generated
147,FR_Word_order,frequency,He received a major promotion.,The pilot,flew thenceforth,only international routes,for the airline.,The pilot flew thenceforth only international routes for the airline.,thenceforth,generated
148,EN_Word_order,manner,The nursery was full of noise.,Beatrice,sweetly sang,a lullaby,to the crying baby.,Beatrice sweetly sang a lullaby to the crying baby.,sweetly,generated
148,FR_Word_order,manner,The nursery was full of noise.,Beatrice,sang sweetly,a lullaby,to the crying baby.,Beatrice sang sweetly a lullaby to the crying baby.,sweetly,generated
149,EN_Word_order,frequency,His old equipment was completely worn out.,The mechanic,hereafter used,a new set of tools,for all repairs.,The mechanic hereafter used a new set of tools for all repairs.,hereafter,generated
149,FR_Word_order,frequency,His old equipment was completely worn out.,The mechanic,used hereafter,a new set of tools,for all repairs.,The mechanic used hereafter a new set of tools for all repairs.,hereafter,generated
150,EN_Word_order,manner,He was moving to a smaller apartment.,George,generously donated,his old books,to the local library.,George generously donated his old books to the local library.,generously,generated
150,FR_Word_order,manner,He was moving to a smaller apartment.,George,donated generously,his old books,to the local library.,George donated generously his old books to the local library.,generously,generated
151,EN_Word_order,frequency,The library received a large grant.,The librarian,latterly acquired,several rare manuscripts,for the special collection.,The librarian latterly acquired several rare manuscripts for the special collection.,latterly,generated
151,FR_Word_order,frequency,The library received a large grant.,The librarian,acquired latterly,several rare manuscripts,for the special collection.,The librarian acquired latterly several rare manuscripts for the special collection.,latterly,generated
152,EN_Word_order,manner,He seemed to be thinking about something.,Her uncle,silently ate,his dinner,at the kitchen table.,Her uncle silently ate his dinner at the kitchen table.,silently,generated
152,FR_Word_order,manner,He seemed to be thinking about something.,Her uncle,ate silently,his dinner,at the kitchen table.,Her uncle ate silently his dinner at the kitchen table.,silently,generated
153,EN_Word_order,frequency,The students needed his full attention.,Professor Plum,continually checks,his email,during the lecture.,Professor Plum continually checks his email during the lecture.,continually,generated
153,FR_Word_order,frequency,The students needed his full attention.,Professor Plum,checks continually,his email,during the lecture.,Professor Plum checks continually his email during the lecture.,continually,generated
154,EN_Word_order,frequency,The weather has been very hot and dry.,The gardener,incessantly waters,the new roses,throughout the summer.,The gardener incessantly waters the new roses throughout the summer.,incessantly,generated
154,FR_Word_order,frequency,The weather has been very hot and dry.,The gardener,waters incessantly,the new roses,throughout the summer.,The gardener waters incessantly the new roses throughout the summer.,incessantly,generated
155,EN_Word_order,frequency,She can never decide on the perfect layout.,Alice,endlessly rearranges,the furniture,in her living room.,Alice endlessly rearranges the furniture in her living room.,endlessly,generated
155,FR_Word_order,frequency,She can never decide on the perfect layout.,Alice,rearranges endlessly,the furniture,in her living room.,Alice rearranges endlessly the furniture in her living room.,endlessly,generated
156,EN_Word_order,frequency,The dog won a blue ribbon at the county fair.,My neighbor,eternally praises,his prize-winning dog,to everyone he meets.,My neighbor eternally praises his prize-winning dog to everyone he meets.,eternally,generated
156,FR_Word_order,frequency,The dog won a blue ribbon at the county fair.,My neighbor,praises eternally,his prize-winning dog,to everyone he meets.,My neighbor praises eternally his prize-winning dog to everyone he meets.,eternally,generated
157,EN_Word_order,frequency,The client had very specific demands.,The architect,persistently revised,the building plans,before the deadline.,The architect persistently revised the building plans before the deadline.,persistently,generated
157,FR_Word_order,frequency,The client had very specific demands.,The architect,revised persistently,the building plans,before the deadline.,The architect revised persistently the building plans before the deadline.,persistently,generated
158,EN_Word_order,frequency,The surgery was a delicate procedure.,Dr. Evans,steadily monitors,the patient's vital signs,on the screen.,Dr. Evans steadily monitors the patient's vital signs on the screen.,steadily,generated
158,FR_Word_order,frequency,The surgery was a delicate procedure.,Dr. Evans,monitors steadily,the patient's vital signs,on the screen.,Dr. Evans monitors steadily the patient's vital signs on the screen.,steadily,generated
159,EN_Word_order,frequency,His establishment has a reputation for quality.,The chef,unfailingly selects,the freshest ingredients,for his restaurant.,The chef unfailingly selects the freshest ingredients for his restaurant.,unfailingly,generated
159,FR_Word_order,frequency,His establishment has a reputation for quality.,The chef,selects unfailingly,the freshest ingredients,for his restaurant.,The chef selects unfailingly the freshest ingredients for his restaurant.,unfailingly,generated
160,EN_Word_order,frequency,The big recital was approaching quickly.,Samuel,unremittingly practiced,the piano sonata,all last week.,Samuel unremittingly practiced the piano sonata all last week.,unremittingly,generated
160,FR_Word_order,frequency,The big recital was approaching quickly.,Samuel,practiced unremittingly,the piano sonata,all last week.,Samuel practiced unremittingly the piano sonata all last week.,unremittingly,generated
161,EN_Word_order,frequency,The ship had been lost at sea for days.,The old sailor,relentlessly scanned,the distant horizon,for any sign of land.,The old sailor relentlessly scanned the distant horizon for any sign of land.,relentlessly,generated
161,FR_Word_order,frequency,The ship had been lost at sea for days.,The old sailor,scanned relentlessly,the distant horizon,for any sign of land.,The old sailor scanned relentlessly the distant horizon for any sign of land.,relentlessly,generated
162,EN_Word_order,frequency,She was completely absorbed in her work.,The young artist,uninterruptedly painted,the enormous canvas,for twelve straight hours.,The young artist uninterruptedly painted the enormous canvas for twelve straight hours.,uninterruptedly,generated
162,FR_Word_order,frequency,She was completely absorbed in her work.,The young artist,painted uninterruptedly,the enormous canvas,for twelve straight hours.,The young artist painted uninterruptedly the enormous canvas for twelve straight hours.,uninterruptedly,generated
163,EN_Word_order,manner,She needed to finish her tasks before leaving.,Ms. Rodriguez,rapidly sorted,the mail,into different piles.,Ms. Rodriguez rapidly sorted the mail into different piles.,rapidly,generated
163,FR_Word_order,manner,She needed to finish her tasks before leaving.,Ms. Rodriguez,sorted rapidly,the mail,into different piles.,Ms. Rodriguez sorted rapidly the mail into different piles.,rapidly,generated
164,EN_Word_order,manner,The police were about to arrive.,The private detective,swiftly gathered,the crucial evidence,from the crime scene.,The private detective swiftly gathered the crucial evidence from the crime scene.,swiftly,generated
164,FR_Word_order,manner,The police were about to arrive.,The private detective,gathered swiftly,the crucial evidence,from the crime scene.,The private detective gathered swiftly the crucial evidence from the crime scene.,swiftly,generated
165,EN_Word_order,manner,He had no shows scheduled for the day.,That comedian,leisurely read,the morning paper,at the coffee shop.,That comedian leisurely read the morning paper at the coffee shop.,leisurely,generated
165,FR_Word_order,manner,He had no shows scheduled for the day.,That comedian,read leisurely,the morning paper,at the coffee shop.,That comedian read leisurely the morning paper at the coffee shop.,leisurely,generated
166,EN_Word_order,manner,The book signing event was very well organized.,A famous author,peacefully signed,the stack of books,for her fans.,A famous author peacefully signed the stack of books for her fans.,peacefully,generated
166,FR_Word_order,manner,The book signing event was very well organized.,A famous author,signed peacefully,the stack of books,for her fans.,A famous author signed peacefully the stack of books for her fans.,peacefully,generated
167,EN_Word_order,manner,He had worked on this model many times before.,The mechanic,expertly repaired,the car's engine,within an hour.,The mechanic expertly repaired the car's engine within an hour.,expertly,generated
167,FR_Word_order,manner,He had worked on this model many times before.,The mechanic,repaired expertly,the car's engine,within an hour.,The mechanic repaired expertly the car's engine within an hour.,expertly,generated
168,EN_Word_order,manner,He noticed a critical error in his slides.,Leo,abruptly closed,his laptop,during the presentation.,Leo abruptly closed his laptop during the presentation.,abruptly,generated
168,FR_Word_order,manner,He noticed a critical error in his slides.,Leo,closed abruptly,his laptop,during the presentation.,Leo closed abruptly his laptop during the presentation.,abruptly,generated
169,EN_Word_order,manner,The doctor's handwriting was difficult to read.,The pharmacist,anxiously checked,the prescription,for any mistakes.,The pharmacist anxiously checked the prescription for any mistakes.,anxiously,generated
169,FR_Word_order,manner,The doctor's handwriting was difficult to read.,The pharmacist,checked anxiously,the prescription,for any mistakes.,The pharmacist checked anxiously the prescription for any mistakes.,anxiously,generated
170,EN_Word_order,manner,She was the official campus welcome guide.,Eleanor,cheerfully greeted,the new students,at the orientation.,Eleanor cheerfully greeted the new students at the orientation.,cheerfully,generated
170,FR_Word_order,manner,She was the official campus welcome guide.,Eleanor,greeted cheerfully,the new students,at the orientation.,Eleanor greeted cheerfully the new students at the orientation.,cheerfully,generated
171,EN_Word_order,manner,He wanted to provide accurate information.,The tour guide,diligently researched,the city's history,before the tour.,The tour guide diligently researched the city's history before the tour.,diligently,generated
171,FR_Word_order,manner,He wanted to provide accurate information.,The tour guide,researched diligently,the city's history,before the tour.,The tour guide researched diligently the city's history before the tour.,diligently,generated
172,EN_Word_order,manner,The class was about to begin.,A diligent student,frantically searched,his backpack,for the missing homework.,A diligent student frantically searched his backpack for the missing homework.,frantically,generated
172,FR_Word_order,manner,The class was about to begin.,A diligent student,searched frantically,his backpack,for the missing homework.,A diligent student searched frantically his backpack for the missing homework.,frantically,generated
173,EN_Word_order,frequency,Good ingredients are important for flavor.,The chef,commonly uses,fresh herbs,in his cooking.,The chef commonly uses fresh herbs in his cooking.,commonly,generated
173,FR_Word_order,frequency,Good ingredients are important for flavor.,The chef,uses commonly,fresh herbs,in his cooking.,The chef uses commonly fresh herbs in his cooking.,commonly,generated
174,EN_Word_order,manner,The group had not seen each other for months.,Arthur,boisterously greeted,his friends,at the pub.,Arthur boisterously greeted his friends at the pub.,boisterously,generated
174,FR_Word_order,manner,The group had not seen each other for months.,Arthur,greeted boisterously,his friends,at the pub.,Arthur greeted boisterously his friends at the pub.,boisterously,generated
175,EN_Word_order,frequency,He likes to stay informed about world events.,My grandfather,religiously reads,the newspaper,before breakfast.,My grandfather religiously reads the newspaper before breakfast.,religiously,generated
175,FR_Word_order,frequency,He likes to stay informed about world events.,My grandfather,reads religiously,the newspaper,before breakfast.,My grandfather reads religiously the newspaper before breakfast.,religiously,generated
176,EN_Word_order,manner,A successful hunt meant food for the whole pride.,The lioness,voraciously devoured,her meal,on the savanna.,The lioness voraciously devoured her meal on the savanna.,voraciously,generated
176,FR_Word_order,manner,A successful hunt meant food for the whole pride.,The lioness,devoured voraciously,her meal,on the savanna.,The lioness devoured voraciously her meal on the savanna.,voraciously,generated
177,EN_Word_order,frequency,She is expecting an important message.,Eleanor,ritually checks,her email,every morning.,Eleanor ritually checks her email every morning.,ritually,generated
177,FR_Word_order,frequency,She is expecting an important message.,Eleanor,checks ritually,her email,every morning.,Eleanor checks ritually her email every morning.,ritually,generated
178,EN_Word_order,manner,The complex mechanism required immense concentration.,The watchmaker,meticulously assembled,the tiny gears,under a lamp.,The watchmaker meticulously assembled the tiny gears under a lamp.,meticulously,generated
178,FR_Word_order,manner,The complex mechanism required immense concentration.,The watchmaker,assembled meticulously,the tiny gears,under a lamp.,The watchmaker assembled meticulously the tiny gears under a lamp.,meticulously,generated
179,EN_Word_order,frequency,Everyone knew about his favorite color.,Professor Plum,predictably wore,a purple tie,to the conference.,Professor Plum predictably wore a purple tie to the conference.,predictably,generated
179,FR_Word_order,frequency,Everyone knew about his favorite color.,Professor Plum,wore predictably,a purple tie,to the conference.,Professor Plum wore predictably a purple tie to the conference.,predictably,generated
180,EN_Word_order,manner,He had no money left for the rest of the week.,The young prince,foolishly spent,his entire allowance,on candy.,The young prince foolishly spent his entire allowance on candy.,foolishly,generated
180,FR_Word_order,manner,He had no money left for the rest of the week.,The young prince,spent foolishly,his entire allowance,on candy.,The young prince spent foolishly his entire allowance on candy.,foolishly,generated
181,EN_Word_order,frequency,Financial planning is an ongoing process.,The marketing team,cyclically reviews,the budget,for the next quarter.,The marketing team cyclically reviews the budget for the next quarter.,cyclically,generated
181,FR_Word_order,frequency,Financial planning is an ongoing process.,The marketing team,reviews cyclically,the budget,for the next quarter.,The marketing team reviews cyclically the budget for the next quarter.,cyclically,generated
182,EN_Word_order,manner,The food was exceptionally delicious.,Beatrice,lavishly praised,the chef's cooking,during the dinner party.,Beatrice lavishly praised the chef's cooking during the dinner party.,lavishly,generated
182,FR_Word_order,manner,The food was exceptionally delicious.,Beatrice,praised lavishly,the chef's cooking,during the dinner party.,Beatrice praised lavishly the chef's cooking during the dinner party.,lavishly,generated
183,EN_Word_order,frequency,He needed everything to be in perfect order.,The detective,compulsively organized,the case files,on his desk.,The detective compulsively organized the case files on his desk.,compulsively,generated
183,FR_Word_order,frequency,He needed everything to be in perfect order.,The detective,organized compulsively,the case files,on his desk.,The detective organized compulsively the case files on his desk.,compulsively,generated
184,EN_Word_order,manner,His mission depended on not being discovered.,The spy,covertly photographed,the secret documents,with a hidden camera.,The spy covertly photographed the secret documents with a hidden camera.,covertly,generated
184,FR_Word_order,manner,His mission depended on not being discovered.,The spy,photographed covertly,the secret documents,with a hidden camera.,The spy photographed covertly the secret documents with a hidden camera.,covertly,generated
185,EN_Word_order,frequency,She wanted everything to look perfect.,Penelope,obsessively polished,her silver trophies,before the competition.,Penelope obsessively polished her silver trophies before the competition.,obsessively,generated
185,FR_Word_order,frequency,She wanted everything to look perfect.,Penelope,polished obsessively,her silver trophies,before the competition.,Penelope polished obsessively her silver trophies before the competition.,obsessively,generated
186,EN_Word_order,manner,He was determined to complete the race.,The injured runner,agonizingly crossed,the finish line,in last place.,The injured runner agonizingly crossed the finish line in last place.,agonizingly,generated
186,FR_Word_order,manner,He was determined to complete the race.,The injured runner,crossed agonizingly,the finish line,in last place.,The injured runner crossed agonizingly the finish line in last place.,agonizingly,generated
187,EN_Word_order,frequency,Her research required careful documentation.,The botanist,methodically cataloged,the plant species,in the rainforest.,The botanist methodically cataloged the plant species in the rainforest.,methodically,generated
187,FR_Word_order,frequency,Her research required careful documentation.,The botanist,cataloged methodically,the plant species,in the rainforest.,The botanist cataloged methodically the plant species in the rainforest.,methodically,generated
188,EN_Word_order,manner,He believed his army could still win the battle.,The general,resolutely refused,the surrender terms,from the enemy.,The general resolutely refused the surrender terms from the enemy.,resolutely,generated
188,FR_Word_order,manner,He believed his army could still win the battle.,The general,refused resolutely,the surrender terms,from the enemy.,The general refused resolutely the surrender terms from the enemy.,resolutely,generated
189,EN_Word_order,frequency,He was determined to find an answer.,Leo,doggedly pursued,his research question,for many years.,Leo doggedly pursued his research question for many years.,doggedly,generated
189,FR_Word_order,frequency,He was determined to find an answer.,Leo,pursued doggedly,his research question,for many years.,Leo pursued doggedly his research question for many years.,doggedly,generated
190,EN_Word_order,manner,He knew he had secured his victory.,The chess champion,smugly announced,his final move,to the crowd.,The chess champion smugly announced his final move to the crowd.,smugly,generated
190,FR_Word_order,manner,He knew he had secured his victory.,The chess champion,announced smugly,his final move,to the crowd.,The chess champion announced smugly his final move to the crowd.,smugly,generated
191,EN_Word_order,frequency,The structure has guided ships for a century.,The old lighthouse,unvaryingly cast,its beam of light,across the water.,The old lighthouse unvaryingly cast its beam of light across the water.,unvaryingly,generated
191,FR_Word_order,frequency,The structure has guided ships for a century.,The old lighthouse,cast unvaryingly,its beam of light,across the water.,The old lighthouse cast unvaryingly its beam of light across the water.,unvaryingly,generated
192,EN_Word_order,manner,She liked to keep the circulation desk organized.,The librarian,tidily arranged,the returned books,on the cart.,The librarian tidily arranged the returned books on the cart.,tidily,generated
192,FR_Word_order,manner,She liked to keep the circulation desk organized.,The librarian,arranged tidily,the returned books,on the cart.,The librarian arranged tidily the returned books on the cart.,tidily,generated
193,EN_Word_order,frequency,David has a specific diet he follows.,David,mostly eats,grilled chicken,for his dinner.,David mostly eats grilled chicken for his dinner.,mostly,generated
193,FR_Word_order,frequency,David has a specific diet he follows.,David,eats mostly,grilled chicken,for his dinner.,David eats mostly grilled chicken for his dinner.,mostly,generated
194,EN_Word_order,frequency,The man has many books on his shelf.,The old man,mainly reads,historical novels,in the evening.,The old man mainly reads historical novels in the evening.,mainly,generated
194,FR_Word_order,frequency,The man has many books on his shelf.,The old man,reads mainly,historical novels,in the evening.,The old man reads mainly historical novels in the evening.,mainly,generated
195,EN_Word_order,frequency,Susan is working on a major project.,Susan,primarily studies,ancient manuscripts,for her research.,Susan primarily studies ancient manuscripts for her research.,primarily,generated
195,FR_Word_order,frequency,Susan is working on a major project.,Susan,studies primarily,ancient manuscripts,for her research.,Susan studies primarily ancient manuscripts for her research.,primarily,generated
196,EN_Word_order,frequency,The student has a lot of homework to do.,The tired student,chiefly reviewed,his lecture notes,before the exam.,The tired student chiefly reviewed his lecture notes before the exam.,chiefly,generated
196,FR_Word_order,frequency,The student has a lot of homework to do.,The tired student,reviewed chiefly,his lecture notes,before the exam.,The tired student reviewed chiefly his lecture notes before the exam.,chiefly,generated
197,EN_Word_order,frequency,Michael's job involves talking to many people.,Michael,principally contacts,potential clients,by telephone.,Michael principally contacts potential clients by telephone.,principally,generated
197,FR_Word_order,frequency,Michael's job involves talking to many people.,Michael,contacts principally,potential clients,by telephone.,Michael contacts principally potential clients by telephone.,principally,generated
198,EN_Word_order,frequency,The new restaurant has a limited menu.,The chef,solely uses,local ingredients,in his dishes.,The chef solely uses local ingredients in his dishes.,solely,generated
198,FR_Word_order,frequency,The new restaurant has a limited menu.,The chef,uses solely,local ingredients,in his dishes.,The chef uses solely local ingredients in his dishes.,solely,generated
199,EN_Word_order,frequency,Laura has very specific tastes in clothing.,Laura,exclusively wears,designer brands,to formal events.,Laura exclusively wears designer brands to formal events.,exclusively,generated
199,FR_Word_order,frequency,Laura has very specific tastes in clothing.,Laura,wears exclusively,designer brands,to formal events.,Laura wears exclusively designer brands to formal events.,exclusively,generated
200,EN_Word_order,frequency,The musician was practicing for a concert.,The musician,alternately played,the guitar and piano,during his session.,The musician alternately played the guitar and piano during his session.,alternately,generated
200,FR_Word_order,frequency,The musician was practicing for a concert.,The musician,played alternately,the guitar and piano,during his session.,The musician played alternately the guitar and piano during his session.,alternately,generated
201,EN_Word_order,frequency,Paul has a regular payment schedule.,Paul,biweekly pays,his rent,to the landlord.,Paul biweekly pays his rent to the landlord.,biweekly,generated
201,FR_Word_order,frequency,Paul has a regular payment schedule.,Paul,pays biweekly,his rent,to the landlord.,Paul pays biweekly his rent to the landlord.,biweekly,generated
202,EN_Word_order,frequency,The teacher must check on the class pets.,The teacher,nightly feeds,the hamster,in the classroom.,The teacher nightly feeds the hamster in the classroom.,nightly,generated
202,FR_Word_order,frequency,The teacher must check on the class pets.,The teacher,feeds nightly,the hamster,in the classroom.,The teacher feeds nightly the hamster in the classroom.,nightly,generated
203,EN_Word_order,manner,Emily was looking through old family photos.,Emily,lovingly touched,her grandmother's picture,with a soft cloth.,Emily lovingly touched her grandmother's picture with a soft cloth.,lovingly,generated
203,FR_Word_order,manner,Emily was looking through old family photos.,Emily,touched lovingly,her grandmother's picture,with a soft cloth.,Emily touched lovingly her grandmother's picture with a soft cloth.,lovingly,generated
204,EN_Word_order,manner,The guard noticed a person acting strangely.,The security guard,pointedly ignored,the man's question,near the entrance.,The security guard pointedly ignored the man's question near the entrance.,pointedly,generated
204,FR_Word_order,manner,The guard noticed a person acting strangely.,The security guard,ignored pointedly,the man's question,near the entrance.,The security guard ignored pointedly the man's question near the entrance.,pointedly,generated
205,EN_Word_order,manner,Robert had just finished a long day of work.,Robert,wearily dropped,his heavy bag,on the floor.,Robert wearily dropped his heavy bag on the floor.,wearily,generated
205,FR_Word_order,manner,Robert had just finished a long day of work.,Robert,dropped wearily,his heavy bag,on the floor.,Robert dropped wearily his heavy bag on the floor.,wearily,generated
206,EN_Word_order,manner,The artist was communicating with a friend.,The artist,knowingly exchanged,a secret glance,across the room.,The artist knowingly exchanged a secret glance across the room.,knowingly,generated
206,FR_Word_order,manner,The artist was communicating with a friend.,The artist,exchanged knowingly,a secret glance,across the room.,The artist exchanged knowingly a secret glance across the room.,knowingly,generated
207,EN_Word_order,manner,Jessica was in shock after hearing the news.,Jessica,blankly watched,the television screen,for several minutes.,Jessica blankly watched the television screen for several minutes.,blankly,generated
207,FR_Word_order,manner,Jessica was in shock after hearing the news.,Jessica,watched blankly,the television screen,for several minutes.,Jessica watched blankly the television screen for several minutes.,blankly,generated
208,EN_Word_order,manner,The programmer had to make a risky decision.,The programmer,boldly deleted,the obsolete code,from the system.,The programmer boldly deleted the obsolete code from the system.,boldly,generated
208,FR_Word_order,manner,The programmer had to make a risky decision.,The programmer,deleted boldly,the obsolete code,from the system.,The programmer deleted boldly the obsolete code from the system.,boldly,generated
209,EN_Word_order,manner,Daniel was trying to see in the dark room.,Daniel,dimly perceived,a shadowy figure,by the window.,Daniel dimly perceived a shadowy figure by the window.,dimly,generated
209,FR_Word_order,manner,Daniel was trying to see in the dark room.,Daniel,perceived dimly,a shadowy figure,by the window.,Daniel perceived dimly a shadowy figure by the window.,dimly,generated
210,EN_Word_order,manner,The girl was listening from the next room.,The young girl,faintly heard,her parents' voices,through the wall.,The young girl faintly heard her parents' voices through the wall.,faintly,generated
210,FR_Word_order,manner,The girl was listening from the next room.,The young girl,heard faintly,her parents' voices,through the wall.,The young girl heard faintly her parents' voices through the wall.,faintly,generated
211,EN_Word_order,manner,Sarah received some disappointing results.,Sarah,grimly accepted,the final verdict,from the judges.,Sarah grimly accepted the final verdict from the judges.,grimly,generated
211,FR_Word_order,manner,Sarah received some disappointing results.,Sarah,accepted grimly,the final verdict,from the judges.,Sarah accepted grimly the final verdict from the judges.,grimly,generated
212,EN_Word_order,manner,The gardener was preparing the soil for planting.,The gardener,heavily watered,the dry flowerbeds,with a large hose.,The gardener heavily watered the dry flowerbeds with a large hose.,heavily,generated
212,FR_Word_order,manner,The gardener was preparing the soil for planting.,The gardener,watered heavily,the dry flowerbeds,with a large hose.,The gardener watered heavily the dry flowerbeds with a large hose.,heavily,generated
